placename_da	placename_en	latitude	longitude	dates_visited	source
Aabenraa	Aabenraa	55.0446228	9.4209667	1843-02-01; 1845-11-11; 1845-11-12; 1860-11-09; 1863-03-27	HCAX, rejser
Aachen	Aachen	50.776351	6.083862	1843-03-02; 1847-09-01; 1857-06-08; 1857-06-09; 1863-03-20; 1863-03-21	HCAX, rejser
Aarøsund	Aarøsund	55.2580919	9.7068676	1847-06-02; 1847-06-03	HCAX, rejser
Adlersberg	Adlersberg	50.5912322	10.7665851	1854-05-31	HCAX, rejser
Afvestad	Alvesta	56.89908565444496	14.547661362549423	1865-09-15	HCAX, rejser
Aigle	Aigle	46.3179006	6.9688929	1861-06-22	HCAX, rejser
Albano	Albano	41.7479605	12.670204	1841-02-25; 1846-05-01	HCAX, rejser
Albula-passet	Albula pass	46.5822515	9.8376821	1873-07-07	HCAX, rejser
Alexisbad	Alexisbad	51.6499442	11.1165337	1831-05-28	HCAX, rejser
Alfvestad (Alvesta)	Alfvestad (Alvesta)	56.9166599	14.4998825	1871-08-28; 1871-08-29	HCAX, rejser
Alicante	Alicante	38.3436365	-0.4881708	1862-09-20; 1862-09-23	HCAX, rejser
Almeda	Almeda	41.3530362	2.0845124	1862-10-05	HCAX, rejser
Alpnach	Alpnach	46.9411661	8.2736829	1873-06-15	HCAX, rejser
Altenburg	Altenburg	50.9852411	12.4340988	1840-11-11; 1844-07-02; 1844-07-03	HCAX, rejser
Altona	Altona	53.5864676	9.7776697	1840-11-05; 1840-11-07; 1845-11-23; 1855-06-29; 1855-09-19; 1856-06-07; 1857-06-05; 1857-09-10; 1858-06-18; 1858-08-21; 1858-08-22; 1860-06-08; 1862-07-26; 1862-07-27; 1868-06-17; 1868-07-02	HCAX, rejser
Alveneu	Alvenau	46.6902195	9.6290668	1873-07-07; 1873-07-08	HCAX, rejser
Amiens	Amiens	49.8941708	2.2956951	1857-07-16; 1857-07-17	HCAX, rejser
Amsterdam	Amsterdam	52.3730796	4.8924534	1847-06-13; 1847-06-15; 1866-02-10; 1866-03-14; 1868-04-30; 1868-05-07	HCAX, rejser
Amstetten	Amstetten	48.1203262	14.8752424	1834-06-07; 1834-06-08	HCAX, rejser
Ancona	Ancona	43.4801204	13.2187906	1846-03-25; 1846-03-26	HCAX, rejser
Andeer	Andeer	46.6022665	9.4269682	1873-07-02; 1873-07-03	HCAX, rejser
Angoulême	Angoulême	45.6484505	0.1561947	1863-01-14; 1863-01-15	HCAX, rejser
Antibes	Antibes	43.5812868	7.1262071	1861-04-18	HCAX, rejser
Antwerpen	Antwerpen	51.2211097	4.3997081	1866-03-23; 1866-03-26; 1868-05-07; 1868-05-08	HCAX, rejser
Aquapendente	Aquapendente	42.7439961	11.864988	1834-04-02; 1834-04-03	HCAX, rejser
Aranjues	Aranjues	40.03221	-3.6039604	1862-12-07	HCAX, rejser
Arezzo	Arezzo	43.5171442	11.7639282	1840-12-15	HCAX, rejser
Arles	Arles	43.6776223	4.6309653	1846-06-30; 1870-02-04; 1870-02-05	HCAX, rejser
Arnhem	Arnhem	51.984257	5.9108573	1868-04-29; 1868-04-30	HCAX, rejser
Art	Art	46.6578174	6.487782	1855-08-23	HCAX, rejser
Assens	Assens	55.265798	9.9002174	1841-07-13; 1841-07-14; 1843-01-31; 1845-11-11; 1847-06-02; 1860-11-09; 1863-03-28	HCAX, rejser
Assisi	Assisi	43.0711952	12.6146669	1840-12-16	HCAX, rejser
Athen	Athens	37.9755648	23.7348324	1841-03-24; 1841-04-20	HCAX, rejser
Augsburg	Augsburg	48.3690341	10.8979522	1840-11-16; 1840-11-17; 1852-06-16; 1852-06-28; 1854-06-19; 1854-06-21; 1854-06-22; 1858-07-10; 1858-07-11; 1858-07-16; 1860-07-11; 1860-10-02; 1860-10-03; 1860-10-09; 1861-07-22; 1861-07-23; 1872-05-25; 1872-05-26; 1873-07-11; 1873-07-12	HCAX, rejser
Aussig	Aussig	51.4048063	13.1899361	1851-07-30; 1851-08-02	HCAX, rejser
Avesta, Hedemora	Avesta, Hedemora	60.27764	15.99172	1849-06-20	HCAX, rejser
Avignon	Avignon	43.9492493	4.8059012	1846-07-18; 1846-07-20; 1861-04-15; 1861-04-16; 1862-09-01; 1869-11-25; 1869-11-26	HCAX, rejser
Baccano	Baccano	44.1123529	9.8965989	1846-03-30; 1846-03-31	HCAX, rejser
Bad Ragaz	Bad Ragaz	47.0025282	9.5016438	1873-06-28; 1873-06-30	HCAX, rejser
Baden	Baden	53.0023496	9.0820955	1857-07-22	HCAX, rejser
Baden-Baden	Baden-Baden	48.7610716	8.239959	1867-09-24; 1867-09-26; 1868-06-05; 1868-06-06	HCAX, rejser
Baja	Baja	46.1785471	18.9517255	1841-05-29	HCAX, rejser
Bamberg	Bamberg	49.8916044	10.8868478	1858-07-17; 1858-07-18; 1860-06-14; 1860-06-15; 1873-07-17; 1873-07-18	HCAX, rejser
Barcelona	Barcelona	41.3828939	2.1774322	1862-09-07; 1862-09-16	HCAX, rejser
Bardoviz	Pardubitz	50.0385812	15.7791356	1869-10-15; 1869-10-16	HCAX, rejser
Basel	Basel	47.5581077	7.5878261	1846-08-03; 1846-08-05; 1858-06-26; 1860-09-16; 1860-09-22; 1861-04-09; 1861-04-11; 1868-06-04; 1868-06-05; 1873-04-28; 1873-04-29	HCAX, rejser
Basnæs	Basnæs	55.210178	11.345206	1861-08-22; 1861-08-26; 1869-09-10; 1869-09-18; 1872-06-07; 1872-06-13	HCAX, rejser
Basnæs Herregård	Basnæs Manor	55.210178	11.345206	1856-08-19; 1856-09-02; 1857-06-01; 1857-06-04	HCAX, rejser
Basnæs Slot	Basnæs Manor	55.210178	11.345206	1860-11-10; 1860-11-17	HCAX, rejser
Bastei	Bastei	50.9617474	14.0719631	1851-08-04; 1851-08-05	HCAX, rejser
Baveno	Baveno	45.9089158	8.5050171	1833-09-19; 1833-09-20	HCAX, rejser
Bayonne	Bayonne	43.4945144	-1.4736657	1862-12-23; 1862-12-27; 1866-04-24; 1866-04-26	HCAX, rejser
Bayreuth	Bayreuth	49.9427202	11.5763079	1840-11-12; 1840-11-13	HCAX, rejser
Belem	Belem	43.0992556	1.3984664	1866-08-14; 1866-08-18	HCAX, rejser
Belgrad (Beograd)	Belgrade (Beograd)	44.8178131	20.4568974	1841-05-25	HCAX, rejser
Bellegarde	Bellegarde	43.4255556	0.6244444	1861-04-14	HCAX, rejser
Bellinzona	Bellinzona	46.1920538	9.0205888	1852-07-06	HCAX, rejser
Benediktbeuern	Benediktbeuern	47.7060548	11.4100763	1834-04-29; 1834-04-30	HCAX, rejser
Bergs Slussar	Bergs Sluices	58.4846796	15.5249835	1849-07-14; 1849-07-20; 1849-07-21	HCAX, rejser
Bergün	Bergün	46.6290381	9.7452826	1873-07-07	HCAX, rejser
Berlin	Berlin	52.5108638	13.3989421	1831-06-11; 1831-06-16; 1834-07-23; 1834-07-26; 1844-07-25; 1844-08-01; 1845-12-19; 1846-01-07; 1855-06-30; 1855-07-02; 1856-08-04; 1856-08-05; 1860-11-05; 1860-11-06	HCAX, rejser
Berm	Berm	46.9484742	7.4521749	1861-07-01; 1861-07-02	HCAX, rejser
Bern	Bern	46.9484742	7.4521749	1846-07-30; 1846-08-01; 1846-08-02; 1846-08-03; 1862-08-13; 1862-08-15; 1867-05-27; 1867-05-30; 1868-06-03; 1868-06-04; 1869-11-19; 1869-11-21; 1873-04-29; 1873-05-01; 1873-06-07; 1873-06-10	HCAX, rejser
Berwick	Berwick	55.7692442	-2.0026472	1847-08-11; 1847-08-25	HCAX, rejser
Bex	Bex	46.2513776	7.0123881	1861-06-17; 1861-06-22	HCAX, rejser
Biarritz	Biarritz	43.4832523	-1.5592776	1862-12-27; 1862-12-29	HCAX, rejser
Biberich	Biberich	47.7038818	8.5571923	1847-09-03	HCAX, rejser
Biebrich	Biebrich	50.3030289	7.9544958	1843-05-17	HCAX, rejser
Biel	Biel	47.1402077	7.2439029	1860-07-29; 1860-07-30; 1860-09-16; 1861-04-11	HCAX, rejser
Bielersee	Lake Biel	47.0861034	7.171634	1860-07-30; 1860-09-16	HCAX, rejser
Biessenhofen	Biessenhofen	47.828134	10.6412581	1854-06-19; 1854-06-21	HCAX, rejser
Bingen	Bingen	49.9667	7.9	1843-05-17; 1843-05-18; 1852-07-15	HCAX, rejser
Bjärka-Säby	Bjärka-Säby	58.2683253	15.7409421	1849-07-14; 1849-07-20	HCAX, rejser
Blankenburg	Blankenburg	51.7902676	10.9551991	1831-05-27; 1831-05-28	HCAX, rejser
Blois	Blois	47.5876861	1.3337639	1863-01-19; 1863-01-20; 1866-08-29; 1866-08-30	HCAX, rejser
Blomberg	Blomberg	51.9434473	9.0967908	1849-08-01; 1849-08-02	HCAX, rejser
Bodenbach	Bodenbach	50.3114741	6.8481486	1851-07-30	HCAX, rejser
Bodensee	Bodensee (lake)	47.6477691	9.3471796	1852-06-29	HCAX, rejser
Bologna	Bologna	44.4938203	11.3426327	1840-12-09; 1840-12-10	HCAX, rejser
Bologna (Bologne)	Bologna	44.4938203	11.3426327	1834-04-16; 1834-04-17	HCAX, rejser
Bolzano (Bozen)	Bolzano	46.4984781	11.3547399	1834-04-26; 1834-04-27; 1854-06-07; 1854-06-08	HCAX, rejser
Bonn	Bonn	50.735851	7.10066	1843-05-19; 1847-09-02; 1852-07-17	HCAX, rejser
Bordeaux	Bordeaux	44.841225	-0.5800364	1862-12-30; 1863-01-14; 1866-04-14; 1866-04-24; 1866-08-17; 1866-08-29	HCAX, rejser
Borghetto all´ Adige	Borghetto all´ Adige	45.6968932	10.9271072	1834-04-24; 1834-04-25	HCAX, rejser
Boulogne	Boulogne	46.7947224	-1.3210389	1857-07-15; 1857-07-16	HCAX, rejser
Bozen	Bozen	46.4984781	11.3547399	1872-05-10; 1872-05-11; 1872-05-18; 1872-05-19	HCAX, rejser
Bozen (Bolzano)	Bozen (Bolzano)	46.4984781	11.3547399	1840-12-05; 1840-12-06	HCAX, rejser
Bramstedt	Bramstedt	53.3667515	8.6902857	1844-05-24; 1844-05-25	HCAX, rejser
Braunschweig	Braunschweig	52.2646577	10.5236066	1831-05-23; 1831-05-25; 1840-11-08; 1840-11-09; 1844-06-21; 1844-06-23; 1845-12-18; 1846-09-16; 1846-09-18; 1847-09-17; 1847-09-18; 1851-07-22; 1851-08-23; 1851-08-24; 1856-06-08; 1856-06-09; 1858-08-20; 1858-08-21; 1861-08-19; 1861-08-20; 1869-09-28; 1869-09-29; 1872-06-01; 1872-06-02	HCAX, rejser
Breitenburg slot	Breitenburg castle	53.9060905	9.5667115	1843-02-02; 1843-02-19; 1843-06-02; 1843-06-13; 1844-05-25; 1844-06-14	HCAX, rejser
Bremen	Bremen	53.0758196	8.8071646	1843-02-26; 1843-05-27; 1844-06-17; 1844-06-19; 1845-11-28; 1845-11-29; 1846-09-18; 1846-09-19; 1846-10-05; 1846-10-06; 1847-06-07; 1847-06-08	HCAX, rejser
Brenner passet	Brenner pass	47.0073993	11.5066996	1840-12-04	HCAX, rejser
Brenner-passet	Brenner Pass	47.0073993	11.5066996	1854-06-08	HCAX, rejser
Brennerpasset	Brenner pass	47.0073993	11.5066996	1834-04-27	HCAX, rejser
Brieg	Brieg	48.1019452	-3.999718	1861-06-14; 1861-06-15	HCAX, rejser
Brientzersee	Brientzer lake	46.723148	7.9643029	1861-07-04	HCAX, rejser
Brienz	Brienz	46.7560001	8.0303006	1873-06-15	HCAX, rejser
Brig	Brig	46.3163457	7.9879473	1833-09-16; 1833-09-19	HCAX, rejser
Brixen	Brixen	46.716413	11.657792	1872-05-10	HCAX, rejser
Brixen (Bressanone)	Brixen (Bressanone)	46.716413	11.657792	1840-12-05	HCAX, rejser
Brocken	Brocken	51.7991251	10.6156365	1831-05-26; 1831-05-27	HCAX, rejser
Bruck	Bruck	48.0255094	16.7790041	1854-05-30	HCAX, rejser
Brunnen	Brunnen	46.9940439	8.6054085	1852-07-07; 1855-08-20; 1855-08-21; 1858-06-27; 1858-07-03; 1860-07-14; 1860-07-28; 1861-07-05; 1861-07-14; 1862-07-30; 1862-08-06; 1873-06-17; 1873-06-27	HCAX, rejser
Brussel	Brussels	50.8465573	4.351697	1870-02-24; 1870-02-27	HCAX, rejser
Bruxelles	Bruxelles	50.8465573	4.351697	1843-03-03; 1843-03-07; 1866-03-26; 1866-03-29	HCAX, rejser
Bruxelles/Brüssel	Brussels	50.8465573	4.351697	1857-06-09; 1857-06-10	HCAX, rejser
Brünig	Brünig	46.7572506	8.1359044	1861-07-04	HCAX, rejser
Brünn	Brno	48.2076134	16.3732857	1854-05-24; 1869-10-16; 1869-10-17	HCAX, rejser
Brünn (Brno)	Brünn (Brno)	49.1922443	16.6113382	1872-04-27; 1872-04-28	HCAX, rejser
Budapest	Budapest	47.4978789	19.0402383	1841-05-30; 1841-06-02	HCAX, rejser
Burgos	Burgos	42.343926	-3.696977	1862-12-20; 1862-12-22; 1866-04-28; 1866-04-29	HCAX, rejser
Bücken	Bücken	52.7792637	9.1333766	1852-05-18	HCAX, rejser
Cadiz	Cadiz	36.5262463	-5.9008367	1862-11-10; 1862-11-13	HCAX, rejser
Calais	Calais	50.9524769	1.8538446	1857-06-10; 1857-06-11	HCAX, rejser
Callender	Callender	51.0160405	-0.135454	1847-08-20; 1847-08-21	HCAX, rejser
Cambrai	Cambrai	50.1757546	3.2346145	1843-03-07	HCAX, rejser
Camerlate	Camerlate	45.7903751	9.0859969	1852-07-03; 1852-07-05	HCAX, rejser
Cannes	Cannes	43.5515198	7.0134418	1861-04-18; 1870-01-31; 1870-02-02	HCAX, rejser
Capri	Capri (island)	40.5487747	14.2280874	1846-05-27; 1846-05-29	HCAX, rejser
Capua	Capua	41.1079984	14.2097176	1834-02-15; 1841-02-28; 1846-05-03; 1846-05-04	HCAX, rejser
Cartagena	Cartagena	37.6152488	-0.9876857	1862-09-26; 1862-09-29	HCAX, rejser
Castellamare	Castellamare	40.6943046	14.4804813	1846-05-20; 1846-05-25	HCAX, rejser
Castellammare	Castellammare	40.6943046	14.4804813	1846-05-29	HCAX, rejser
Castiglione	Castiglione	42.5718132	13.217984	1840-12-15	HCAX, rejser
Celle	Celle	52.624056	10.081052	1833-04-28; 1840-11-07; 1866-02-04; 1866-02-05	HCAX, rejser
Cette	Cette	42.9385259	-0.5844336	1862-09-03; 1862-09-04	HCAX, rejser
Chemnitz	Chemnitz	50.8323531	12.918914	1861-07-25; 1861-07-26	HCAX, rejser
Chiavenna	Chiavenna	46.3197862	9.3984945	1852-07-01; 1852-07-02; 1873-07-03; 1873-07-05	HCAX, rejser
Christiania (Oslo)	Christiania (Oslo)	59.9133301	10.7389701	1871-08-04; 1871-08-25	HCAX, rejser
Christinelund, Præstø	Christinelund, Præstø	55.1193228	12.0757497	1851-05-24; 1851-06-02	HCAX, rejser
Chur	Chur	46.854747	9.5264904	1852-06-30; 1852-07-01; 1873-06-30; 1873-07-02; 1873-07-08; 1873-07-09	HCAX, rejser
Cintra	Cintra	38.7992243	-9.3853801	1866-07-26; 1866-08-08	HCAX, rejser
Cisterna	Cisterna	46.0851766	12.9896174	1841-02-25; 1841-02-26; 1846-05-01; 1846-05-02	HCAX, rejser
Civita Castellana	Civita Castellana	42.295226	12.40917	1840-12-18; 1840-12-19; 1846-03-30	HCAX, rejser
Civita vecchia	Civita vecchia	43.55413	11.80365	1861-04-28	HCAX, rejser
Civita Vecchia	Civita Vecchia	43.55413	11.80365	1861-04-29	HCAX, rejser
Civitavécchia	Civitavécchia	42.0937524	11.7922462	1846-06-24	HCAX, rejser
Collico	Collico	46.1353437	9.370737	1852-07-02	HCAX, rejser
Como	Como	45.838364	9.0331329	1852-07-02; 1852-07-03; 1852-07-05	HCAX, rejser
Como Søen	Lake Como	45.9917589	9.264881	1852-07-02	HCAX, rejser
Cordoba	Cordoba	37.8845813	-4.7760138	1862-11-22; 1862-11-25	HCAX, rejser
Czerna woda	Czerna woda	50.1685328	19.6339599	1841-05-07	HCAX, rejser
Darmstad	Darmstad	49.8851869	8.6736295	1868-06-06; 1868-06-07	HCAX, rejser
Darmstadt	Darmstadt	49.872775	8.651177	1852-07-13; 1862-07-29	HCAX, rejser
Dax	Dax	43.7084065	-1.0518771	1862-12-29; 1862-12-30	HCAX, rejser
Delf, Schiedam	Delf, Schiedam	51.91917	4.38889	1847-06-21	HCAX, rejser
Delmenhorst	Delmenhorst	53.048095	8.6286066	1843-05-27; 1845-12-17	HCAX, rejser
Desenzano	Desenzano	45.4701429	10.5292188	1872-05-13; 1872-05-14	HCAX, rejser
Deutschbrod (Huvlilickuv Brod)	Deutschbrod (Huvlilickuv Brod)	49.606942	15.5795748	1841-06-24	HCAX, rejser
Dijon	Dijon	47.3215806	5.0414701	1833-08-16; 1867-05-09; 1867-05-10; 1868-05-19; 1868-05-20; 1870-02-07; 1870-02-08	HCAX, rejser
Domodolosa	Domodolosa	46.1152451	8.2920459	1861-06-13; 1861-06-14	HCAX, rejser
Domodossla	Domodossla	46.1152451	8.2920459	1833-09-19	HCAX, rejser
Domremy	Domremy	48.4430626	5.6758235	1843-05-09	HCAX, rejser
Donauwörth	Donauwörth	48.7180364	10.7807299	1840-11-16	HCAX, rejser
Dover	Dover	51.1251275	1.3134228	1857-06-11	HCAX, rejser
Drenkova	Drenkova	42.0011697	23.7905054	1841-05-24	HCAX, rejser
Dresden	Dresden	51.0493286	13.7381437	1831-06-02; 1831-06-10; 1834-07-16; 1834-07-21; 1841-06-28; 1841-07-03; 1844-07-03; 1844-07-09; 1844-07-12; 1844-07-18; 1844-07-21; 1846-02-20; 1846-03-02; 1851-07-24; 1851-07-30; 1851-08-19; 1851-08-21; 1854-05-11; 1854-05-15; 1854-05-21; 1854-05-23; 1855-07-02; 1855-07-06; 1855-07-19; 1855-07-22; 1856-06-10; 1856-06-13; 1856-06-21; 1856-06-22; 1856-06-29; 1856-07-04; 1856-07-30; 1856-08-04; 1857-07-26; 1857-07-27; 1857-07-30; 1857-07-31; 1857-08-11; 1857-08-12; 1857-08-24; 1857-08-27; 1857-08-30; 1857-08-31; 1858-07-20; 1858-07-22; 1858-08-05; 1858-08-19; 1860-10-13; 1860-11-05; 1861-07-26; 1861-08-14; 1861-08-18; 1869-10-02; 1869-10-03; 1869-10-11; 1869-10-13; 1872-04-20; 1872-04-25	HCAX, rejser
Dumbarton	Dumbarton	55.9432443	-4.5708479	1847-08-21; 1847-08-23	HCAX, rejser
Durlach	Durlach	48.9994421	8.4702066	1855-08-15	HCAX, rejser
Därligen	Därligen	46.66164779663086	7.808034420013428	1873-06-10	HCAX, rejser
Düsseldorf	Düsseldorf	51.2254018	6.7763137	1843-02-28; 1843-03-01; 1843-05-19; 1843-05-20; 1863-03-21; 1863-03-25	HCAX, rejser
Edinburgh	Edinburgh	55.9533456	-3.1883749	1847-08-11; 1847-08-19; 1847-08-24; 1847-08-25	HCAX, rejser
Einsiedeln	Einsiedeln	47.1286095	8.7500299	1861-07-15; 1861-07-16	HCAX, rejser
Eisenach	Eisenach	50.9747134	10.3193565	1846-08-16; 1846-08-17; 1847-09-06; 1847-09-07; 1854-06-29; 1854-06-30; 1854-07-02; 1854-07-03; 1855-09-02; 1855-09-03; 1855-09-12; 1855-09-15; 1860-06-11; 1860-06-12; 1873-07-19; 1873-07-20	HCAX, rejser
Eisleben	Eisleben	51.5283282	11.5465911	1831-05-29; 1831-05-30	HCAX, rejser
Ekeby, Gamla Uppsala	Ekeby, Gamla Uppsala	59.89691	17.6360589	1849-07-01	HCAX, rejser
Elbingerode	Elbingerode	51.6589571	10.2803803	1831-05-27	HCAX, rejser
Ems	Ems	52.4267838	7.3394696	1868-06-07; 1868-06-13	HCAX, rejser
Enköping	Enköping	59.6356115	17.077856	1837-07-09	HCAX, rejser
Erfurt	Erfurt	50.9777974	11.0287364	1846-08-17; 1846-08-19	HCAX, rejser
Escurial	Escurial	39.1682141	-5.8840442	1862-12-19	HCAX, rejser
Falkenberg	Falkenberg	56.904894	12.4912926	1837-06-23; 1837-06-24; 1837-07-14; 1849-05-18; 1849-05-19; 1849-08-13; 1849-08-14	HCAX, rejser
Falkjøping	Fallköping	58.973552	14.7900224	1865-10-08	HCAX, rejser
Falköping	Fallköping	58.973552	14.7900224	1871-08-27	HCAX, rejser
Fallkjøping	Fallköping	58.973552	14.7900224	1871-08-02	HCAX, rejser
Fallköping	Fallköping	58.973552	14.7900224	1865-09-16; 1865-09-17	HCAX, rejser
Falun	Falun	60.6070068	15.6323059	1849-06-27	HCAX, rejser
Felsenstein	Felsenstein	47.939418	16.698168	1831-05-28	HCAX, rejser
Ferrara	Ferrara	44.7667642	11.827939	1834-04-17; 1834-04-18	HCAX, rejser
Filigare	Filigare	44.1989423	11.3332427	1834-04-15; 1834-04-16	HCAX, rejser
Firenze	Florens	43.7697955	11.2556404	1833-10-08; 1833-10-13; 1834-04-05; 1834-04-15; 1840-12-11; 1840-12-14; 1861-05-31; 1861-06-04	HCAX, rejser
Flensborg	Flensburg	54.7833021	9.4333264	1845-11-22; 1845-11-23; 1851-07-18; 1851-07-19; 1851-08-28; 1851-08-29; 1855-09-20; 1855-09-21; 1856-08-08; 1856-08-09; 1858-06-17; 1858-06-18; 1858-08-22; 1858-08-23; 1860-05-30; 1860-06-01; 1860-11-08; 1861-04-05; 1861-04-06; 1861-08-21; 1861-08-22; 1862-07-24; 1862-07-26	HCAX, rejser
Flensburg	Flensburg	54.7833021	9.4333264	1863-03-27; 1863-03-28	HCAX, rejser
Flüelen	Flüelen	46.9027239	8.6253481	1852-07-06; 1852-07-07; 1855-08-21	HCAX, rejser
Foligno	Foligno	42.9559744	12.7034782	1833-10-15; 1833-10-16; 1840-12-16; 1840-12-17; 1846-03-28	HCAX, rejser
Folkestone	Folkestone	51.0791335	1.1794073	1857-07-15	HCAX, rejser
Frabertsham	Frabertsham	48.0259364	12.3704641	1834-05-31; 1834-06-01	HCAX, rejser
Frankfurt	Frankfurt	50.1106444	8.6820917	1833-05-03; 1833-05-04; 1843-05-13; 1843-05-16; 1847-09-03; 1847-09-05; 1852-07-13; 1852-07-15; 1855-08-30; 1855-09-01; 1857-07-23; 1857-07-24; 1858-06-22; 1858-06-24; 1861-04-08; 1861-04-09; 1862-07-28; 1862-07-29; 1867-05-31; 1867-06-01; 1867-09-04; 1867-09-05; 1873-04-23; 1873-04-25	HCAX, rejser
Frankfurt am Main	Frankfurt am Main	50.1106444	8.6820917	1846-08-10; 1846-08-15	HCAX, rejser
Fredensborg	Fredensborg	55.9821565	12.3950911	1837-07-18	HCAX, rejser
Fredericia	Fredericia	55.565268	9.7562169	1867-06-05; 1867-09-29; 1868-04-26; 1869-09-26; 1870-03-07; 1870-03-08; 1872-06-05; 1872-06-06; 1873-04-15; 1873-04-16; 1873-07-26	HCAX, rejser
Freibourg	Fribourg	46.6789116	7.1027113	1862-07-29; 1862-07-30; 1867-05-30; 1867-05-31	HCAX, rejser
Freiburg	Freiburg	47.9960901	7.8494005	1852-07-11; 1852-07-12; 1855-08-16; 1858-06-25; 1858-06-26; 1861-04-09	HCAX, rejser
Fribourg	Fribourg	46.6789116	7.1027113	1861-06-30; 1861-07-01; 1862-08-15; 1862-08-16; 1873-06-06; 1873-06-07	HCAX, rejser
Friedrichshafen	Friedrichshafen	47.6500279	9.4800858	1855-08-25; 1855-08-26	HCAX, rejser
Füssen	Füssen	47.5675998	10.6993217	1854-06-19	HCAX, rejser
Gad´s Hill Place	Gad´s Hill Place	51.4112	0.4579	1857-06-11; 1857-06-15; 1857-06-17; 1857-06-25; 1857-06-27; 1857-06-29; 1857-07-05; 1857-07-06; 1857-07-13; 1857-07-15	HCAX, rejser
Gallipoli	Gelibolu	40.4054063	26.6722539	1841-04-24	HCAX, rejser
Gardersøen	Lake Garda	45.6624313	10.6861569	1854-06-06	HCAX, rejser
Garmisch-Partenkirken	Garmisch-Partenkirken	47.4923741	11.0962815	1840-12-03	HCAX, rejser
Gent	Gent	51.0538286	3.7250121	1847-08-31; 1847-09-01; 1868-05-08; 1868-05-11	HCAX, rejser
Genua	Genua	45.4556524	9.1732427	1861-04-22; 1861-04-25; 1861-06-07; 1861-06-08	HCAX, rejser
Genève	Geneva	46.2017559	6.1466014	1833-08-18; 1833-08-22; 1846-07-26; 1846-07-28; 1861-04-13; 1861-04-14; 1868-05-23; 1868-06-01; 1869-11-21; 1869-11-23; 1873-06-01; 1873-06-06	HCAX, rejser
Genéve	Geneva	46.2017559	6.1466014	1860-08-26; 1860-09-16	HCAX, rejser
Gersdorf	Gersdorf	50.7500064	12.7166858	1857-07-27; 1857-07-30	HCAX, rejser
Gibraltar	Gibraltar	36.1285933	-5.3474761	1862-10-30; 1862-11-02	HCAX, rejser
Giesbach	Giesbach	46.7315352	8.0178958	1861-07-04	HCAX, rejser
Giessbach	Giessbach	46.7315352	8.0178958	1873-06-13; 1873-06-15	HCAX, rejser
Giessen	Giessen	50.5862066	8.6742306	1873-04-22; 1873-04-23	HCAX, rejser
Gladova (Gladkow)	Gladova (Gladkow)	44.6093983	22.6136517	1841-05-12	HCAX, rejser
Glarus	Glarus	46.9796562	9.108812	1858-07-03; 1858-07-04	HCAX, rejser
Glasgow	Glasgow	55.861155	-4.2501687	1847-08-23; 1847-08-24	HCAX, rejser
Glion	Glion	46.775575	9.2054956	1873-05-11; 1873-06-01	HCAX, rejser
Glorup	Glorup Manor	55.206111	10.707778	1845-11-01; 1845-11-10; 1869-09-23; 1869-09-26	HCAX, rejser
Glorup herregård	Glorup manor	55.206111	10.707778	1841-07-17; 1841-07-22	HCAX, rejser
Glorup Slot	Glorup Manor	55.206111	10.707778	1847-05-14; 1847-06-01; 1851-06-02; 1851-07-17; 1851-08-29; 1851-09-09; 1855-09-21; 1855-09-26; 1856-08-09; 1856-08-19; 1858-08-23; 1858-08-28	HCAX, rejser
Gondo	Gondo	46.1958512	8.1399499	1861-06-13	HCAX, rejser
Goslar	Goslar	51.9059936	10.4266284	1831-05-25; 1831-05-26	HCAX, rejser
Gotha, Erfurt	Gotha, Erfurt	50.9460511	10.7048551	1847-09-07	HCAX, rejser
Graasten	Graasten	54.9289318	9.5963513	1845-11-12; 1845-11-22	HCAX, rejser
Granada	Granada	37.1734995	-3.5995337	1862-10-06; 1862-10-21	HCAX, rejser
Graz	Graz	47.0708678	15.4382786	1846-03-18	HCAX, rejser
Gundershausen	Gundershausen	48.780115	7.5838065	1862-07-28	HCAX, rejser
Guntershausen	Guntershausen	47.467	8.9	1857-04-25; 1857-07-24; 1858-06-21; 1858-06-22	HCAX, rejser
Gurre	Gurre	56.0212509	12.5199932	1837-07-18	HCAX, rejser
Gävle	Gävle	60.6750132	17.1467019	1849-06-28	HCAX, rejser
Génova (Genua)	Génova	44.40726	8.9338624	1833-09-29; 1833-10-02; 1846-06-26	HCAX, rejser
Görlitz	Görlitz	51.1563185	14.991018	1857-07-27; 1857-07-30	HCAX, rejser
Göteborg	Gothenburg	57.7072326	11.9670171	1837-07-12; 1837-07-14; 1849-05-19; 1849-05-22; 1849-08-10; 1849-08-13; 1871-07-28; 1871-08-02	HCAX, rejser
Göttingen	Göttingen	51.5328328	9.9351811	1833-04-29; 1855-09-16; 1855-09-17; 1857-09-07; 1857-09-08; 1860-06-10; 1860-06-11; 1862-07-27; 1862-07-28	HCAX, rejser
Gøteborg	Gothenburg	57.7072326	11.9670171	1837-06-24; 1837-06-25	HCAX, rejser
Haag	Hague	52.0799838	4.3113461	1847-06-16; 1847-06-21; 1866-03-18; 1866-03-23	HCAX, rejser
Haarburg	Haarburg	51.4370419	10.4579752	1861-04-06; 1861-04-07; 1870-03-04; 1870-03-05; 1872-06-02; 1872-06-03	HCAX, rejser
Haarlem	Haarlem	52.3837058	4.6435597	1847-06-15	HCAX, rejser
Haderslev	Haderslev	55.2500715	9.4997871	1843-01-31; 1845-11-11; 1860-11-09; 1863-03-27	HCAX, rejser
Halberstadt	Halberstadt	51.8953514	11.0520563	1872-05-31; 1872-06-01	HCAX, rejser
Halle	Halle	51.4825041	11.9705452	1831-05-30; 1840-11-10; 1844-06-23; 1844-07-23; 1844-07-25; 1846-01-07; 1851-08-23; 1852-05-19	HCAX, rejser
Hallsberg	Hallsberg	59.06493860802712	15.104551639421452	1865-10-07; 1865-10-08	HCAX, rejser
Halmstad	Halmstad	56.6739826	12.8574827	1837-06-23; 1837-07-15; 1849-05-18	HCAX, rejser
Hamborg	Hamburg	53.551086	9.993682	1831-05-18; 1831-05-21; 1831-06-18; 1831-06-21; 1833-04-23; 1833-04-27; 1834-07-27; 1834-08-02; 1840-11-05; 1840-11-07; 1841-07-08; 1841-07-12; 1843-02-20; 1843-02-25; 1844-06-14; 1844-06-17; 1845-11-23; 1845-11-27; 1846-10-07; 1846-10-10; 1847-06-04; 1847-06-06; 1847-09-18; 1847-09-21; 1851-07-20; 1851-07-22; 1851-08-24; 1851-08-27; 1852-07-20; 1852-07-21; 1854-05-09; 1854-05-10; 1855-06-29; 1855-06-30; 1856-06-07; 1856-06-08; 1856-08-06; 1856-08-07; 1857-09-09; 1857-09-10; 1858-06-18; 1858-06-20; 1860-11-06; 1860-11-07; 1869-09-26; 1869-09-28	HCAX, rejser
Hamburg	Hamburg	53.550341	10.000654	1843-05-28; 1843-06-02; 1861-08-20; 1861-08-21; 1863-03-26; 1863-03-27; 1866-02-02; 1866-02-04; 1866-09-03; 1866-09-05; 1867-04-12; 1867-04-13; 1867-06-02; 1867-06-05; 1867-09-02; 1867-09-03; 1867-09-27; 1867-09-28; 1868-04-26; 1868-04-28; 1868-06-15; 1868-06-17; 1870-03-05; 1870-03-07; 1872-04-13; 1872-04-15; 1872-06-03; 1872-06-05; 1873-04-17; 1873-04-19; 1873-07-22; 1873-07-25	HCAX, rejser
Hamm	Hamm	51.6804093	7.815197	1852-07-18; 1852-07-19; 1857-06-06; 1857-06-07; 1870-03-02; 1870-03-03	HCAX, rejser
Hannover	Hannover	52.3744779	9.7385532	1833-04-28; 1833-04-29; 1844-06-20; 1844-06-21; 1845-12-17; 1845-12-18; 1852-07-19; 1852-07-20; 1854-07-03; 1854-07-04; 1855-09-17; 1855-09-18; 1856-06-08; 1857-06-06; 1857-09-08; 1857-09-09; 1858-06-20; 1858-06-21; 1860-06-09; 1863-03-25; 1863-03-26; 1866-02-05; 1866-02-06; 1866-09-02; 1866-09-03; 1867-04-13; 1867-04-14; 1867-09-03; 1867-09-04; 1868-06-14; 1868-06-15; 1870-03-03; 1870-03-04; 1872-04-15; 1872-04-17; 1873-04-19; 1873-04-21; 1873-07-21; 1873-07-22	HCAX, rejser
Harburg	Harburg	53.3172234	9.9084975	1833-04-27; 1843-05-27; 1847-06-06; 1847-09-18; 1852-07-20; 1855-09-18; 1855-09-19; 1857-06-05; 1857-09-09; 1858-06-20; 1860-06-08; 1860-06-09; 1861-08-20	HCAX, rejser
Harzburg	Harzburg	51.588694	10.757222	1831-05-26	HCAX, rejser
Harzgerode	Harzgerode	51.6381169	11.1465703	1831-05-28; 1831-05-29	HCAX, rejser
Heidelberg	Heidelberg	49.4093582	8.694724	1843-05-11; 1843-05-12; 1852-07-12; 1852-07-13; 1855-08-28; 1855-08-30; 1858-06-24; 1858-06-25; 1862-07-29; 1873-04-25; 1873-04-27	HCAX, rejser
Heilbronn	Heilbronn	49.142291	9.218655	1855-08-26; 1855-08-28	HCAX, rejser
Helsingborg	Hälsingborg	56.0442098	12.703706	1837-06-22; 1837-06-23; 1837-07-15; 1837-07-16; 1837-07-17; 1849-05-17; 1849-05-18; 1849-08-14; 1849-08-16; 1871-07-26; 1871-08-29; 1871-08-30	HCAX, rejser
Helsingør	Elsinore	56.0348739	12.6130073	1837-06-20; 1837-06-22; 1837-07-17; 1837-07-18; 1871-07-25; 1871-08-30; 1871-08-31; 1872-07-26	HCAX, rejser
Herrnskretchen	Herrnskretchen	50.8739272	14.2402549	1851-08-02; 1851-08-03	HCAX, rejser
Higham	Higham	51.9818951	0.9638955	1857-06-11	HCAX, rejser
Hildesheim	Hildesheim	52.1521636	9.9513046	1860-06-09; 1860-06-10	HCAX, rejser
Hillerød	Hillerød	55.9285735	12.3063909	1837-07-18; 1837-07-19	HCAX, rejser
Hof	Hof	50.3219015	11.9178807	1852-06-13; 1852-06-14; 1854-06-25; 1855-07-23; 1855-07-24; 1861-07-24; 1861-07-25; 1872-05-29; 1872-05-30	HCAX, rejser
Hohenschwangau	Hohenschwangau	47.5551938	10.7394834	1854-06-19; 1854-06-21	HCAX, rejser
Hollabrun	Hollabrun	48.5625384	16.0798033	1834-07-08; 1834-07-09	HCAX, rejser
Holsteinborg	Holsteinborg	55.2154043	11.4644827	1869-09-18; 1869-09-22	HCAX, rejser
Holsteinborg Slot	Holsteinborg Manor	55.216338	11.462758	1860-11-17; 1860-11-20	HCAX, rejser
Horgen	Horgen	47.260692	8.5976831	1855-08-19; 1855-08-23	HCAX, rejser
Hyby gods	Hyby manor	55.5997	13.2676	1839-06-22; 1839-06-30; 1840-04-15; 1840-04-17	HCAX, rejser
Hällekis	Hällekis	58.6305638	13.4378627	1849-08-02	HCAX, rejser
Härvsta	Härvsta	59.7364417	16.8897118	1849-06-19	HCAX, rejser
Hölzbach	Hölzbach	47.4396268	9.3689895	1861-07-04	HCAX, rejser
Hönsäter	Hönsäter	58.6252835	13.4259209	1849-07-30; 1849-08-01	HCAX, rejser
Iglau (Jihlava)	Iglau (Jihlava)	49.396064	15.5903065	1841-06-24	HCAX, rejser
Ilsenstein	Ilsenstein	50.5492841	7.4671961	1831-05-26	HCAX, rejser
Immensee	Immensee	47.0968171	8.4626759	1855-08-23	HCAX, rejser
Innsbruck	Innsbruck	47.2654296	11.3927685	1834-04-27; 1834-04-29; 1840-12-03; 1840-12-04; 1854-06-09; 1854-06-11; 1872-05-08; 1872-05-10; 1872-05-19; 1872-05-21	HCAX, rejser
Interlaken	Interlaken	46.6855231	7.8585139	1846-08-01; 1861-07-02; 1861-07-04; 1862-08-06; 1862-08-13; 1873-06-10; 1873-06-13	HCAX, rejser
Iselle	Iselle	46.2052791	8.192111	1861-06-13	HCAX, rejser
Isolabella	Isolabella	44.9067269	7.9101512	1861-06-12; 1861-06-13	HCAX, rejser
Itzehoe	Itzehoe	53.919448	9.5172441	1843-02-01; 1843-02-02; 1843-02-19; 1843-06-02; 1844-06-14	HCAX, rejser
Itzehoe, Breitenburg slot	Itzehoe, Breitenburg Castle	53.9060905	9.5667115	1840-11-02; 1840-11-05	HCAX, rejser
Jena	Jena	50.9281717	11.5879359	1844-07-01; 1844-07-02; 1846-02-07; 1846-02-10; 1846-09-03; 1846-09-07	HCAX, rejser
Jernporten	The Iron Gate	44.5843173	22.249124	1841-05-12	HCAX, rejser
Jönköping	Jönköping	57.7825634	14.165719	1865-09-15; 1865-09-16; 1865-10-08; 1865-10-10; 1871-07-26; 1871-07-28; 1871-08-27	HCAX, rejser
Kalvehave	Kalvehave	54.9977367	12.1631205	1851-06-02	HCAX, rejser
Kap Finestirre	Kap Finestirre	48.3856861	-4.3937827	1866-08-15	HCAX, rejser
Karlholmsbruk	Karlholmsbruk	60.5219407	17.6362316	1849-06-30	HCAX, rejser
Karlsruhe	Karlsruhe	49.0068705	8.4034195	1852-07-12; 1855-08-15; 1855-08-16; 1860-09-22; 1890-09-24	HCAX, rejser
Karlstad	Karlstad	59.3809146	13.5027631	1871-08-02; 1871-08-03; 1871-08-26; 1871-08-27	HCAX, rejser
Kassel	Kassel	51.3154546	9.4924096	1833-04-30; 1833-05-02; 1855-09-01; 1855-09-02; 1855-09-15; 1855-09-16; 1857-09-06; 1857-09-07; 1858-06-21; 1860-06-11; 1861-04-07; 1861-04-08; 1867-06-01; 1867-06-02; 1867-09-26; 1867-09-27; 1873-04-21; 1873-04-22; 1873-07-20; 1873-07-21	HCAX, rejser
Kastel	Kastel	49.576366	6.9771487	1852-07-15	HCAX, rejser
Kehl	Kehl	48.5728929	7.8109768	1867-09-23; 1867-09-24	HCAX, rejser
Kempten	Kempten	47.7267063	10.3168835	1852-06-28; 1860-07-11; 1860-07-12; 1861-07-17; 1861-07-18; 1869-11-16; 1869-11-17	HCAX, rejser
Kiel	Kiel	54.3227085	10.135555	1834-08-02; 1840-11-01; 1840-11-02; 1841-07-12; 1841-07-13; 1843-06-13; 1843-06-14; 1844-05-24; 1846-10-10; 1846-10-12; 1847-06-03; 1847-06-04; 1847-09-21; 1847-09-22; 1852-07-21; 1852-07-22; 1854-05-09; 1855-06-29; 1856-06-07; 1857-06-05; 1857-09-10; 1857-09-11; 1867-09-02	HCAX, rejser
Kinnekulle	Kinnekulle	65.4635991	18.1579542	1837-06-26	HCAX, rejser
Koblenz	Koblenz	50.3533278	7.5943951	1833-05-06; 1843-05-18; 1843-05-19; 1847-09-02; 1847-09-03; 1852-07-16; 1852-07-17	HCAX, rejser
Kolding	Kolding	55.4894999	9.47905	1866-02-01; 1866-02-02; 1866-09-05; 1866-09-06	HCAX, rejser
Kolin	Kolin	50.0288894	15.2011571	1834-07-10; 1841-06-25	HCAX, rejser
Kollhoff	Kollhoff	52.5089511	13.3747265	1857-07-30	HCAX, rejser
Kongsvinger	Kongsvinger	60.1899109	12.2160231	1871-08-03; 1871-08-04; 1871-08-25; 1871-08-26	HCAX, rejser
Konstantinopel (Istanbul)	Constantinople (Istanbul)	41.006381	28.9758715	1841-04-25; 1841-05-05	HCAX, rejser
Konstanz	Konstanz	47.659216	9.1750718	1858-07-09; 1858-07-10	HCAX, rejser
Korsør	Korsør	55.3266045	11.1425876	1841-07-21; 1843-01-31; 1845-11-01; 1847-05-14; 1851-09-09; 1855-09-26; 1856-06-06; 1856-08-19; 1857-06-04; 1857-09-12; 1858-06-17; 1860-05-30; 1860-11-10; 1861-04-05; 1861-08-22; 1862-07-23; 1862-07-24; 1863-03-30; 1863-03-31; 1866-01-31; 1866-02-01; 1867-06-06; 1867-06-07; 1867-09-01; 1867-09-02; 1868-04-21; 1868-07-04; 1869-09-22; 1869-09-23; 1870-03-10; 1870-03-11; 1872-04-12; 1872-06-06; 1872-06-13; 1873-04-14; 1873-04-15; 1873-07-27; 1873-07-28	HCAX, rejser
Kristinehamn	Kristinehamn	59.3113619	14.11176	1871-08-27	HCAX, rejser
Kufstein	Kufstein	47.582996	12.1692134	1872-05-07; 1872-05-08	HCAX, rejser
Köln	Köln	50.938361	6.959974	1843-03-01; 1843-03-02; 1843-05-19; 1847-09-01; 1847-09-02; 1852-07-17; 1852-07-18; 1857-06-07; 1857-07-08; 1866-09-01; 1866-09-02; 1867-04-14; 1867-04-15; 1868-06-13; 1868-06-14; 1870-02-27; 1870-03-02	HCAX, rejser
København	Copenhagen	55.676098	12.568337	1831-05-16; 1831-06-24; 1833-04-22; 1834-08-03; 1837-06-20; 1837-07-19; 1839-06-22; 1839-07-01; 1840-04-13; 1840-04-20; 1840-10-31; 1841-07-22; 1843-01-30; 1843-06-15; 1844-05-23; 1844-08-03; 1845-10-31; 1846-10-14; 1847-05-13; 1847-09-23; 1849-05-17; 1849-08-16; 1851-05-24; 1851-09-10; 1852-05-16; 1852-07-23; 1854-05-08; 1854-07-06; 1855-06-28; 1855-09-30; 1856-06-06; 1856-09-05; 1857-05-30; 1857-09-12; 1858-06-15; 1858-08-29; 1860-05-26; 1860-11-23; 1861-04-04; 1861-09-01; 1862-07-23; 1863-03-31; 1865-09-14; 1865-10-13; 1866-01-31; 1866-09-09; 1867-04-11; 1867-06-07; 1867-09-01; 1867-09-30; 1868-04-21; 1868-07-04; 1869-09-10; 1870-03-11; 1871-07-25; 1871-08-31; 1872-04-06; 1872-06-13; 1873-04-14; 1873-07-28	HCAX, rejser
Küssnacht	Küssnach	47.08385	8.4386308	1855-08-19; 1855-08-23	HCAX, rejser
Küstendje (Constanta)	Küstendje (Constanta)	44.1767161	28.6507598	1841-05-06; 1841-05-07	HCAX, rejser
Lachen	Lachen	47.9455572	10.2388429	1858-07-03	HCAX, rejser
Laholm	Laholm	56.5132738	13.043458	1837-06-23	HCAX, rejser
Landeron	Landeron	44.55737	0.06059	1860-07-30	HCAX, rejser
Lausanne	Lausanne	46.5218269	6.6327025	1833-08-22; 1833-08-24; 1860-08-14; 1860-08-25; 1860-08-26; 1861-04-13; 1861-06-28; 1861-06-30	HCAX, rejser
Lauterbrunnen	Lauterbrunnen	46.5939043	7.9078016	1846-08-01; 1846-08-02	HCAX, rejser
Laxå	Laxå	58.95	14.5	1871-08-27	HCAX, rejser
Le Clocle	Le Locle	47.0555907	6.745454	1867-05-14; 1867-05-27	HCAX, rejser
Le Locle	Le Locle	47.0555907	6.745454	1833-08-25; 1833-09-14; 1860-07-30; 1860-08-13	HCAX, rejser
Lehrte	Lehrte	52.3749334	9.9748557	1851-07-22; 1861-08-20	HCAX, rejser
Leiden	Leiden	52.1594747	4.4908843	1847-06-15; 1847-06-16; 1866-03-14; 1866-03-18	HCAX, rejser
Leimbach	Leimbach	50.0247623	6.2562458	1831-05-29	HCAX, rejser
Leipzig	Leipzig	51.3406321	12.3747329	1831-05-30; 1831-06-01; 1840-11-10; 1840-11-11; 1841-07-03; 1841-07-06; 1844-07-03; 1844-07-21; 1844-07-23; 1846-02-11; 1846-02-20; 1846-09-08; 1846-09-16; 1847-09-12; 1847-09-17; 1851-07-23; 1851-07-24; 1851-08-21; 1851-08-23; 1852-06-10; 1852-06-13; 1854-05-10; 1854-05-11; 1854-06-25; 1854-06-27; 1855-07-22; 1855-07-23; 1856-06-09; 1856-06-10; 1856-06-27; 1856-06-29; 1857-07-25; 1857-07-26; 1857-08-31; 1857-09-01; 1858-07-19; 1858-07-20; 1858-08-19; 1858-08-20; 1860-10-11; 1860-10-13; 1861-08-18; 1861-08-19; 1869-09-29; 1869-10-02; 1872-04-18; 1872-04-20; 1872-05-30; 1872-05-31	HCAX, rejser
Leksand	Leksand	60.7329032	14.9968205	1849-06-23; 1849-06-25	HCAX, rejser
Levane	Levane	43.4985602	11.6186642	1833-10-13; 1833-10-14	HCAX, rejser
Lidköping	Lidköping	58.5037196	13.1576427	1837-07-11; 1837-07-12	HCAX, rejser
Liebenwerda	Liebenwerda	51.5210174	13.363001	1834-07-21; 1834-07-22	HCAX, rejser
Lillebelt	Little belt	55.405191	9.737491	1861-08-22	HCAX, rejser
Lindau	Lindau	47.550753	9.6926624	1852-06-28; 1852-06-29; 1858-07-10; 1860-07-12; 1860-07-13; 1861-07-17; 1873-07-10; 1873-07-11	HCAX, rejser
Lingen	Lingen	52.1553437	4.8513712	1847-06-12	HCAX, rejser
Linköping	Linköping	58.4098135	15.6245252	1849-07-14; 1849-07-20	HCAX, rejser
Linth Kanal	Linth Channel	46.08861	13.63972	1858-07-07	HCAX, rejser
Linz	Linz	48.3059078	14.286198	1834-06-06; 1834-06-07; 1869-11-04; 1869-11-05; 1872-05-04; 1872-05-05	HCAX, rejser
Lissabon	Lisbon	38.7077507	-9.1365919	1866-05-06; 1866-06-08; 1866-07-09; 1866-07-26; 1866-08-08; 1866-08-14	HCAX, rejser
Livorno	Livorno	42.7902166	10.3402787	1846-06-25; 1861-04-26; 1861-04-27; 1861-06-05; 1861-06-06	HCAX, rejser
Liége	Liége	50.6450944	5.5736112	1843-03-03	HCAX, rejser
Ljubljana (Laibach)	Ljubljana	46.0500268	14.5069289	1846-03-19; 1846-03-20; 1854-05-30; 1854-05-31	HCAX, rejser
Loch Catherine	Loch Catherine	58.3203425	-3.6373779	1847-08-21	HCAX, rejser
Loch Lomond	Loch Lomond	56.1561963	-4.6562105	1847-08-21	HCAX, rejser
Loiano	Loiano	44.26833	11.3234319	1840-12-10; 1840-12-11	HCAX, rejser
London	London	51.5074456	-0.1277653	1847-06-23; 1847-08-10; 1847-08-26; 1847-08-29; 1857-06-11	HCAX, rejser
London: St. John´s Wood og Tavistock House	London: St. John´s Wood and Tavistock House	51.5298565	-0.1932799	1857-06-29; 1857-07-05; 1857-07-06; 1857-07-13	HCAX, rejser
London: Tavistock House (m.m.)	London: Tavistock House (and more)	51.525898	-0.129013	1857-06-15; 1857-06-17	HCAX, rejser
London: Tavistock House og St. John´s Wood	London: Tavistock House and St. John´s Wood	51.5298565	-0.1932799	1857-06-25; 1857-06-27	HCAX, rejser
Lucca	Lucca	44.0177639	10.45443	1833-10-04; 1861-06-04; 1861-06-05	HCAX, rejser
Ludwigslust	Ludwigslust	52.58104705810547	12.318140029907227	1831-06-17; 1834-07-27	HCAX, rejser
Lugano	Lugano	46.0050102	8.9520281	1852-07-05	HCAX, rejser
Lund	Lund	55.7029296	13.1929449	1840-04-17; 1840-04-18; 1865-10-10; 1865-10-12	HCAX, rejser
Luneville	Luneville	48.5916164	6.4919563	1843-05-09	HCAX, rejser
Lungern See	Lungern See	46.78578	8.15984	1861-07-04	HCAX, rejser
Luzern	Luzern	47.0505452	8.3054682	1852-07-07; 1852-07-08; 1855-08-19; 1855-08-20; 1858-06-26; 1858-06-27; 1860-07-28; 1860-07-29; 1861-07-04; 1861-07-05; 1873-06-15; 1873-06-17	HCAX, rejser
Lyon	Lyon	45.7578137	4.8320114	1846-07-21; 1846-07-25; 1861-04-14; 1861-04-15; 1862-08-30; 1862-09-01; 1869-11-23; 1869-11-25; 1870-02-05; 1870-02-07	HCAX, rejser
Lövstabruk, Dannemora	Lövstabruk, Dannemora	60.4087406	17.8794105	1849-06-30	HCAX, rejser
Lübeck	Lübeck	53.865467	10.686559	1831-05-17; 1831-06-21; 1831-06-23; 1833-04-23; 1852-05-17; 1852-05-18; 1854-07-04; 1854-07-05	HCAX, rejser
Lüneburg	Lüneburg	53.24995	10.40887	1831-05-22	HCAX, rejser
Macerata	Macerata	43.1529781	13.1508822	1846-03-26; 1846-04-27	HCAX, rejser
Madrid	Madrid	40.4167047	-3.7035825	1862-11-26; 1862-12-02; 1862-12-07; 1862-12-19; 1866-04-30; 1866-05-03	HCAX, rejser
Magdeburg	Magdeburg	52.1315889	11.6399609	1840-11-10; 1841-07-06; 1841-07-07; 1845-12-18; 1845-12-19; 1846-09-16; 1851-07-22; 1851-07-23; 1851-08-23; 1852-05-18; 1852-05-19; 1854-05-10; 1861-08-19; 1872-04-17; 1872-04-18	HCAX, rejser
Maidstone	Maidstone	51.2748258	0.5231646	1857-07-15	HCAX, rejser
Mainz	Mainz	50.0012314	8.2762513	1833-05-04; 1833-05-05; 1833-05-06; 1843-05-13; 1843-05-16; 1846-08-05; 1846-08-10	HCAX, rejser
Malmö	Malmö	55.6052931	13.0001566	1865-09-14; 1865-09-15; 1865-10-12; 1865-10-13	HCAX, rejser
Malmø	Malmö	55.6052931	13.0001566	1839-06-22; 1839-06-30; 1839-07-01; 1840-04-13; 1840-04-15; 1840-04-18; 1840-04-20	HCAX, rejser
Maloja-passet	Maloja pass	46.3999357	9.6958071	1873-07-05	HCAX, rejser
Mannheim	Mannheim	49.4892913	8.4673098	1843-05-11; 1843-05-12; 1843-05-13; 1857-07-22; 1857-07-23	HCAX, rejser
Mantua (Mantova)	Mantua (Mantova)	45.1692628	10.6708365	1840-12-07; 1840-12-08	HCAX, rejser
Marburg	Marburg	48.183363	-0.790039	1833-05-22	HCAX, rejser
Mariestad	Mariestad	58.7093225	13.8228754	1849-07-28; 1849-07-30	HCAX, rejser
Marseille	Marseille	43.2961743	5.3699525	1861-04-16; 1861-04-17; 1869-11-26; 1869-11-29; 1870-02-02; 1870-02-04	HCAX, rejser
Marseilles	Marseilles	47.0706778	3.0029271	1846-06-27; 1846-06-30	HCAX, rejser
Maxen	Maxen	50.9251208	13.8016064	1844-07-12; 1844-07-18; 1851-08-09; 1851-08-19; 1854-05-15; 1854-05-21; 1855-07-06; 1855-07-19; 1856-06-13; 1856-06-21; 1856-07-04; 1856-07-30; 1857-07-31; 1857-08-11; 1857-08-12; 1857-08-24; 1857-08-27; 1857-08-30; 1858-07-22; 1858-08-05; 1861-07-26; 1861-08-14; 1869-10-03; 1869-10-11	HCAX, rejser
Meaux	Meaux	48.9582708	2.8773541	1833-05-09; 1843-05-08	HCAX, rejser
Meiningen	Meiningen	50.573425	10.4283711	1860-06-12; 1860-06-14; 1873-07-18	HCAX, rejser
Mem	Mem	58.4796199	16.4153147	1849-07-13	HCAX, rejser
Merida	Merida	38.9174665	-6.3443977	1866-05-05	HCAX, rejser
Merseburg	Merseburg	51.3564413	11.996148	1844-06-23	HCAX, rejser
Metz	Metz	49.1196964	6.1763552	1833-05-07	HCAX, rejser
Middelfart	Middelfart	55.4469979	9.936986	1866-02-01; 1873-07-26; 1873-07-27	HCAX, rejser
Milano	Milan	45.4641943	9.1896346	1833-09-20; 1833-09-27; 1852-07-03; 1852-07-05; 1861-06-10; 1861-06-12	HCAX, rejser
Minden	Minden	52.2881045	8.9168852	1852-07-19; 1868-04-28; 1868-04-29	HCAX, rejser
Modena	Modena	44.5384728	10.9359609	1840-12-09	HCAX, rejser
Mohacs	Mohacs	45.9933836	18.6821079	1841-05-28	HCAX, rejser
Mola di Gaëta	Mola di Gaëta	41.2589032	13.6139525	1841-02-26; 1841-02-27; 1846-05-02; 1846-05-03	HCAX, rejser
Mons	Mons	50.4549568	3.951958	1843-03-07	HCAX, rejser
Monte Christo	Monte Christo	42.33333	10.31667	1861-04-26	HCAX, rejser
Montone	Montone	43.3623727	12.3264425	1861-04-21	HCAX, rejser
Montpellier	Montpellier	43.6112422	3.8767337	1846-07-02; 1846-07-17; 1846-07-18	HCAX, rejser
Montreux	Montreux	46.4310831	6.9129921	1860-08-18; 1860-08-25; 1861-06-22; 1861-06-28; 1862-08-16; 1862-08-30	HCAX, rejser
Montélimar	Montélimar	44.5579391	4.750318	1846-07-20	HCAX, rejser
Monze	Monze	43.1564188	2.4586324	1846-03-27; 1846-03-28	HCAX, rejser
Motala	Motala	58.5420395	15.041261	1837-06-27; 1849-05-24; 1849-07-21; 1849-07-24; 1849-07-27; 1849-07-28	HCAX, rejser
Murcia	Murcia	37.9923795	-1.1305431	1862-09-23; 1862-09-26	HCAX, rejser
Murnau	Murnau	47.6778816	11.2011903	1860-07-02; 1860-07-03	HCAX, rejser
Málaga	Málaga	36.7213028	-4.4216366	1862-09-30; 1862-10-05; 1862-10-22; 1862-10-29	HCAX, rejser
Mälaren	Mälaren (lake)	59.4947382	16.7862981	1849-05-25	HCAX, rejser
Münchberg	Münchberg	50.1911369	11.7913908	1840-11-12	HCAX, rejser
München	Munich	48.1371079	11.5753822	1834-04-30; 1834-05-31; 1840-11-17; 1840-12-02; 1852-06-16; 1852-06-28; 1854-06-12; 1854-06-19; 1854-06-22; 1854-06-24; 1855-07-26; 1855-08-08; 1858-07-11; 1858-07-16; 1860-06-19; 1860-06-30; 1860-07-03; 1860-07-11; 1860-10-03; 1860-10-09; 1861-07-18; 1861-07-22; 1869-11-08; 1869-11-16; 1872-05-21; 1872-05-25; 1873-07-12; 1873-07-16	HCAX, rejser
Münster	Münster	51.9625101	7.6251879	1843-02-27; 1843-05-21	HCAX, rejser
Mürzzuschlag	Mürzzuschlag	47.6053538	15.6723805	1854-05-30	HCAX, rejser
Nancy	Nancy	48.6937223	6.1834097	1843-05-09	HCAX, rejser
Napoli	Naples	40.8358846	14.2487679	1834-02-15; 1834-03-20; 1841-02-28; 1841-03-15; 1846-05-29; 1846-06-23	HCAX, rejser
Napoli (Neapel)	Naples	40.8358846	14.2487679	1846-05-04; 1846-05-20	HCAX, rejser
Narbonne	Narbonne	43.1837757	3.0041906	1846-07-04; 1846-07-05; 1846-07-15; 1862-09-04	HCAX, rejser
Narni	Narni	42.5195891	12.5152257	1846-03-29; 1846-03-30	HCAX, rejser
Naumburg	Naumburg	51.1525648	11.8099186	1844-06-23; 1844-06-24; 1846-01-07; 1846-01-08; 1846-02-11; 1846-09-07; 1846-09-08	HCAX, rejser
Nepi	Nepi	42.242824	12.34557	1833-10-17; 1833-10-18; 1840-12-19; 1846-03-30	HCAX, rejser
Neuchatel	Neuchatel	46.9895828	6.9292641	1861-04-11; 1861-04-13; 1867-05-09; 1867-05-14	HCAX, rejser
Neuchâtel	Neuchâtel	46.9895828	6.9292641	1833-08-24; 1833-08-25; 1833-09-14; 1833-09-15; 1868-05-20; 1868-05-23	HCAX, rejser
Neufschatel	Neufschatel	50.6188491	1.6306156	1860-07-30; 1860-09-16	HCAX, rejser
Neuhaus	Neuhaus	47.2432438	8.9464933	1861-07-02	HCAX, rejser
Neumünster	Neumünster	54.0757442	9.9815377	1840-11-02; 1843-06-13; 1855-09-19; 1855-09-20; 1860-11-07; 1860-11-08	HCAX, rejser
Neusatz (Novi Sad)	Neusatz (Novi Sad)	45.2551338	19.8451756	1841-05-27	HCAX, rejser
Newcastle	Newcastle	54.9738474	-1.6131572	1847-08-11	HCAX, rejser
Nice	Nice	43.7009358	7.2683912	1861-04-18; 1861-04-21	HCAX, rejser
Niedergrund	Niedergrund	50.8810017	14.5946473	1851-08-02	HCAX, rejser
Nimes	Nimes	43.8374249	4.3600687	1862-09-01; 1862-09-03	HCAX, rejser
Nizza	Nice	43.7009358	7.2683912	1869-11-30; 1870-01-31	HCAX, rejser
Nyborg	Nyborg	55.3098281	10.7976604	1841-07-21; 1843-01-31; 1845-11-01; 1847-05-14; 1851-09-09; 1855-09-26; 1856-08-19; 1860-11-10; 1863-03-30; 1866-02-01; 1868-04-21; 1868-07-04; 1869-09-23; 1870-03-10; 1872-04-12; 1872-06-13; 1873-04-15; 1873-07-27	HCAX, rejser
Nyköping, Stegeborg	Nyköping, Stegeborg	58.7545409	17.0120656	1849-07-13	HCAX, rejser
Nîmes	Nîmes	43.8374249	4.3600687	1846-06-30; 1846-07-02; 1846-07-18	HCAX, rejser
Nürnberg	Nürnberg	49.453872	11.077298	1840-11-13; 1840-11-15; 1852-06-14; 1852-06-16; 1854-06-24; 1854-06-25; 1855-07-24; 1855-07-26; 1858-07-16; 1858-07-17; 1860-06-15; 1860-06-17; 1860-10-09; 1860-10-10; 1861-07-23; 1861-07-24; 1872-05-26; 1872-05-29; 1873-07-16; 1873-07-17	HCAX, rejser
Oberammergau	Oberammergau	47.5972538	11.0635631	1860-07-01; 1860-07-02	HCAX, rejser
Odense	Odense	55.3997225	10.3852104	1841-07-14; 1841-07-17; 1843-01-31; 1845-11-10; 1845-11-11; 1847-06-01; 1847-06-02; 1860-11-09; 1860-11-10; 1863-03-29; 1863-03-30; 1866-09-06; 1866-09-07; 1867-04-11; 1867-04-12; 1867-06-05; 1867-06-06; 1867-09-29; 1867-09-30; 1868-04-21; 1868-04-26; 1868-07-02; 1868-07-04; 1870-03-08; 1870-03-10; 1872-04-12; 1872-04-13; 1872-06-06; 1873-04-15	HCAX, rejser
Offenburg	Offenburg	48.4716556	7.944378	1873-04-27; 1873-04-28	HCAX, rejser
Oldenburg	Oldenburg	53.1389753	8.2146017	1843-05-22; 1843-05-27; 1845-11-29; 1845-12-17; 1846-09-19; 1846-10-05; 1847-06-08; 1847-06-12	HCAX, rejser
Olomouc (Olmütz)	Olomouc	49.5940567	17.251143	1846-03-06	HCAX, rejser
Olten	Olten	47.3496571	7.903787	1858-06-26; 1861-04-11	HCAX, rejser
Oneglia	Oneglia	43.8890575	8.0404426	1861-04-21; 1861-04-22	HCAX, rejser
Oostende	Oostende	51.2258565	2.919496	1847-08-31	HCAX, rejser
Orléans	Orléans	47.9027336	1.9086066	1863-01-20; 1863-01-21	HCAX, rejser
Oron	Oron	46.5558352	6.8273628	1861-06-30	HCAX, rejser
Orsova	Orsova	44.7234689	22.3982754	1841-05-12; 1841-05-22; 1841-05-24	HCAX, rejser
Oschatz	Oschatz	51.2979627	13.1081103	1831-06-02	HCAX, rejser
Osnabrück	Osnabrück	52.2719595	8.047635	1843-02-27	HCAX, rejser
Otricoli	Otricoli	42.4230234	12.4776861	1840-12-18	HCAX, rejser
Ouchy	Ouchy	46.5074198	6.6262395	1860-08-14; 1860-08-17; 1860-08-25; 1860-08-26; 1868-06-01; 1868-06-03	HCAX, rejser
Padova	Padova	45.391408	11.8058487	1834-04-18; 1834-04-19; 1834-04-22; 1834-04-23	HCAX, rejser
Palanza	Palanza	44.4374371	10.1944619	1861-06-13	HCAX, rejser
Paris	Paris	48.8588897	2.320041	1833-05-10; 1833-08-15; 1843-03-08; 1843-05-08; 1857-07-17; 1857-07-21; 1863-01-21; 1863-03-20; 1866-03-29; 1866-04-13; 1866-08-30; 1866-08-31; 1867-04-15; 1867-04-16; 1867-05-09; 1867-09-07; 1867-09-22; 1868-05-11; 1868-05-19; 1870-02-08; 1870-02-24	HCAX, rejser
Pasignano	Pasignano	43.1847425	12.136838	1840-12-15; 1840-12-16	HCAX, rejser
Passignano sul Trasimeno	Passignano sul Trasimeno	43.1847425	12.136838	1833-10-14; 1833-10-15	HCAX, rejser
Pederwarde	Pederwarde	53.887638	13.3944124	1846-03-02	HCAX, rejser
Pegnitz	Pegnitz	49.75649	11.540944	1840-11-13	HCAX, rejser
Perpignan	Perpignan	42.6985304	2.8953121	1846-07-05; 1846-07-06; 1846-07-13; 1846-07-14; 1862-09-04; 1862-09-05	HCAX, rejser
Perugia	Perugia	43.1070321	12.4029962	1840-12-16	HCAX, rejser
Peskiera	Peskiera	45.4389454	10.6920171	1854-06-06	HCAX, rejser
Peterwalde	Peterwalde	49.5540657	14.3377897	1834-07-16	HCAX, rejser
Peterwardein (Petrovaradin)	Peterwardein (Petrovaradin)	45.2426175	19.8820073	1841-05-27	HCAX, rejser
Piræus	Piraievs	37.94745	23.63708	1841-03-22; 1841-03-24; 1841-04-20	HCAX, rejser
Pisa	Pisa	43.4714722	10.6797912	1833-10-04; 1833-10-08; 1861-05-30; 1861-05-31; 1861-06-05	HCAX, rejser
Pissewasche	Pissewasche	46.1440151	7.0280474	1861-06-15	HCAX, rejser
Pistoja	Pistoja	43.9336213	10.9174238	1861-06-04	HCAX, rejser
Plauen	Plauen	50.4950632	12.1346523	1858-07-18; 1858-07-19; 1860-10-10; 1860-10-11	HCAX, rejser
Poggibonsi	Poggibonsi	43.4677215	11.148762	1834-04-04; 1834-04-05	HCAX, rejser
Poitiers	Poitiers	46.5802596	0.340196	1863-01-15; 1863-01-17	HCAX, rejser
Poligny	Poligny	48.224132	2.7448859	1833-08-17	HCAX, rejser
Potsdam	Potsdam	52.4009309	13.0591397	1831-06-11	HCAX, rejser
Prades	Prades	43.6132	1.97337	1846-07-06; 1846-07-13	HCAX, rejser
Prag	Prague	50.0596288	14.4464593	1834-07-10; 1834-07-14; 1841-06-25; 1841-06-28; 1846-03-03; 1846-03-05; 1851-07-31; 1851-08-02; 1854-05-23; 1854-05-24; 1869-10-13; 1869-10-15; 1872-04-25; 1872-04-27	HCAX, rejser
Prato	Prato	43.9357181	11.0941473	1861-06-04	HCAX, rejser
Pressburg (Bratislava)	Pressburg (Bratislava)	48.1592603	17.1396587	1841-06-03	HCAX, rejser
Radejevecz (Grabovica)	Radejevecz (Grabovica)	44.5477678	18.7108702	1841-05-11	HCAX, rejser
Ragaz	Ragaz	47.3051591	9.874244	1858-07-04; 1858-07-06	HCAX, rejser
Ramsgate	Ramsgate	51.3334726	1.4196476	1847-08-30; 1847-08-31	HCAX, rejser
Rapperswil	Rapperswil	47.2266532	8.8164042	1873-06-27; 1873-06-28	HCAX, rejser
Rathen	Rathen	50.958235	14.0824651	1851-08-04; 1851-08-05	HCAX, rejser
Regensburg	Regensburg	49.0195333	12.0974869	1860-06-17; 1860-06-19	HCAX, rejser
Reichenbach	Reichenbach	50.6200076	12.298936	1840-11-12	HCAX, rejser
Rendsborg	Rendsburg	54.3000225	9.6516356	1843-02-01; 1845-11-23; 1851-07-20; 1851-08-27; 1856-08-07; 1856-08-08; 1860-06-01; 1860-06-08; 1860-11-08	HCAX, rejser
Rendsburg	Rendsburg	54.3000225	9.6516356	1861-08-21	HCAX, rejser
Rheine	Rheine	52.2797707	7.4373615	1866-02-06; 1866-02-07	HCAX, rejser
Rhinen	Rhine	50.4677626	7.351989	1857-07-22	HCAX, rejser
Rhone	Rhone	45.6113382	5.6322327	1862-09-01	HCAX, rejser
Richterswil	Richterswil	47.2091079	8.7017051	1860-07-13; 1860-07-14	HCAX, rejser
Richterswüll	Richterswüll	47.2091079	8.7017051	1861-07-16	HCAX, rejser
Riesa	Riesa	51.3038241	13.308828	1861-07-25	HCAX, rejser
Rigi-Kulm	Rigi-Kulm	47.0567857	8.4861404	1855-08-22; 1855-08-23	HCAX, rejser
Ringsted	Ringsted	55.446817	11.7975218	1843-01-30	HCAX, rejser
Riva	Riva	45.8847708	10.8396942	1854-06-06; 1872-05-11; 1872-05-13	HCAX, rejser
Rocca	Rocca	45.2744541	7.9812719	1840-12-18	HCAX, rejser
Rohrschach	Rohrschach	47.4779686	9.4914025	1852-06-29	HCAX, rejser
Rom	Rome	41.8933203	12.4829321	1833-10-18; 1834-02-12; 1834-03-23; 1834-04-01; 1840-12-19; 1841-02-25; 1846-03-31; 1846-05-01; 1861-04-28; 1861-05-29	HCAX, rejser
Romanshorn	Romanshorn	47.6045553	9.531322	1855-08-25; 1860-07-13; 1861-07-17	HCAX, rejser
Romont	Romont	46.694829	6.9183328	1861-06-30	HCAX, rejser
Ronciglione	Ronciglione	42.2902415	12.2138064	1834-04-01; 1834-04-02	HCAX, rejser
Ronco all'Adige	Ronco all'Adige	45.3377659	11.2424521	1833-09-28; 1833-09-29	HCAX, rejser
Rorschach	Rorschach	47.4779686	9.4914025	1873-07-09; 1873-07-10	HCAX, rejser
Roskilde	Roskilde	55.6433478	12.0819247	1845-10-31; 1847-05-13; 1851-09-10; 1855-09-29; 1855-09-30; 1866-09-08; 1866-09-09	HCAX, rejser
Rotterdam	Rotterdam	51.9244424	4.47775	1847-06-21; 1847-06-22	HCAX, rejser
Roxen	Roxen (lake)	58.492293	15.629404	1849-05-24; 1849-07-21	HCAX, rejser
Rustschuck (Ruse)	Rustschuck (Ruse)	43.8480413	25.9542057	1841-05-08	HCAX, rejser
Rye	Rye	46.8712641	5.4297754	1861-06-30	HCAX, rejser
Rättvik	Rättvik	60.966667	15.383333	1849-06-22; 1849-06-23; 1849-06-26	HCAX, rejser
S. Agata	S. Agata	46.0708888	8.6857185	1834-02-14; 1834-02-15; 1834-03-20; 1834-03-21	HCAX, rejser
S. Quirico	S. Quirico	41.8449417	13.0732274	1834-04-03; 1834-04-04	HCAX, rejser
Sala	Sala	59.9202268	16.6056444	1849-06-19; 1849-06-20	HCAX, rejser
Salsta, Vattholma	Salsta, Vattholma	60.0515705	17.7516796	1849-07-01	HCAX, rejser
Salzburg	Salzburg	47.7981346	13.0464806	1834-06-01; 1834-06-05; 1869-11-05; 1869-11-08; 1872-05-05; 1872-05-07	HCAX, rejser
Samedan	Samedan	46.5332403	9.874586	1873-07-05	HCAX, rejser
San Sebastian	San Sebastian	48.6251357	-2.1366995	1862-12-23; 1866-04-26; 1866-04-28	HCAX, rejser
Sant´ Agata	Sant´ Agata	46.0708888	8.6857185	1841-02-27; 1841-02-28	HCAX, rejser
Sarganz	Sarganz	47.0482641	9.4401995	1858-07-04	HCAX, rejser
Sarnensee	Sarnensee	46.89851	8.25068	1861-07-04	HCAX, rejser
Sarzana	Sarzana	44.1131762	9.9599823	1833-10-03; 1833-10-04	HCAX, rejser
Savona	Savona	44.2334238	8.2525727	1861-04-22	HCAX, rejser
Schaffhausen	Schaffhausen	47.6960491	8.634513	1852-07-10; 1852-07-11; 1855-08-17; 1855-08-18; 1858-07-08; 1858-07-09	HCAX, rejser
Schandau	Schandau	50.918091	14.1534018	1851-08-03; 1851-08-04	HCAX, rejser
Schleswig	Schleswig	54.51851	9.5653284	1851-08-27; 1851-08-28	HCAX, rejser
Schupanek	Schupanek	44.7226514	22.4634682	1841-05-12; 1841-05-22	HCAX, rejser
Schönberg	Schönberg	48.840641	13.33673	1831-05-17	HCAX, rejser
Seefeld	Seefeld	47.3289241	11.1867187	1840-12-03	HCAX, rejser
Seeshaupt	Seeshaupt	47.8228233	11.3013554	1860-06-30; 1860-07-01; 1860-07-03	HCAX, rejser
Selistria	Selistra	49.4388652	27.0029903	1841-05-08	HCAX, rejser
Semlin (Zemun)	Semlin (Zemun)	44.8444	20.4123996	1841-05-25; 1841-05-27	HCAX, rejser
Senlis	Senlis	50.5331612	2.1523287	1843-03-08	HCAX, rejser
Sens	Sens	48.1978559	3.282606	1833-08-15	HCAX, rejser
Sesto	Sesto	46.7027433	12.350544	1833-09-20	HCAX, rejser
Sestri Lavante	Sestri Lavante	44.2714526	9.3958627	1833-10-02; 1833-10-03	HCAX, rejser
Setubal	Setubal	38.5241783	-8.8932341	1866-06-08; 1866-07-09	HCAX, rejser
Seven Oaks	Seven Oaks	54.3461757	-6.6421305	1847-08-29; 1847-08-30	HCAX, rejser
Sevilla	Sevilla	37.3886303	-5.9953403	1862-11-13; 1862-11-22	HCAX, rejser
Sheffield	Sheffield	53.3806626	-1.4702278	1847-08-26	HCAX, rejser
Sigtuna	Sigtuna	59.6165201	17.7236301	1837-07-04	HCAX, rejser
Silvaplana	Silvaplana	46.4599334	9.7959165	1873-07-05	HCAX, rejser
Simplon passet	Simplonpass	46.2507524	8.0324567	1833-09-19	HCAX, rejser
Simringen	Semmering	47.6377253	15.8072348	1854-05-30	HCAX, rejser
Sitten	Sitten	46.2311749	7.3588795	1861-06-15	HCAX, rejser
Skokloster	Skokloster	59.7038281	17.6219737	1837-07-04; 1837-07-06	HCAX, rejser
Skærgården	Stockholm Skerries	59.38	18.73	1849-05-25	HCAX, rejser
Slagelse	Slagelse	55.4061196	11.3525415	1857-06-01; 1861-08-26	HCAX, rejser
Slesvig	Schleswig	54.51851	9.5653284	1843-02-01; 1851-07-19; 1851-07-20; 1861-08-21; 1873-04-16; 1873-04-17; 1873-07-25; 1873-07-26	HCAX, rejser
Slipshavn	Slipshavn	55.2865784	10.8256036	1870-03-10	HCAX, rejser
Smyrna (Izmir)	Smyrna (Izmir)	38.4237433	27.1428019	1841-04-23	HCAX, rejser
Sorrento	Sorrento	40.624906	14.374836	1846-05-25; 1846-05-27; 1846-05-29	HCAX, rejser
Sorø	Sorø	55.4365822	11.5629363	1855-09-26; 1855-09-29; 1856-09-02; 1856-09-05; 1857-05-30; 1857-06-01; 1858-06-15; 1858-06-17; 1858-08-28; 1858-08-29; 1860-05-26; 1860-05-30; 1860-11-20; 1860-11-23; 1861-08-26; 1861-09-01; 1866-09-07; 1866-09-08	HCAX, rejser
Spandau	Spandau	52.535788	13.1977924	1831-06-16	HCAX, rejser
Splügen	Splügen	46.553071	9.3234097	1873-07-03	HCAX, rejser
Splügenpasset	Splügen Pass	46.5053857	9.3304071	1852-07-01	HCAX, rejser
Spoleto	Spoleto	42.7342971	12.7382035	1846-03-28; 1846-03-29	HCAX, rejser
St. Agathe	St. Agathe	50.8649231	4.2946734	1846-05-03	HCAX, rejser
St. Chidrian	St. Chidrian	40.8932876	-4.5831845	1862-12-19	HCAX, rejser
St. Goar	St. Goar	50.15	7.71667	1843-05-18; 1852-07-15; 1852-07-16	HCAX, rejser
St. Gotthard-passet	S. Gottardo Pass	46.55942	8.56099	1852-07-06	HCAX, rejser
St. Maurice	St. Maurice	46.2197694	7.0045193	1861-06-15; 1861-06-17	HCAX, rejser
St. Moritz	St. Moritz	46.4978958	9.8392428	1873-07-05	HCAX, rejser
St. Pölten	St. Pölten	48.2043985	15.6229118	1834-06-08; 1834-06-09	HCAX, rejser
St. Qventin	St. Quentin	49.8465253	3.2876843	1866-08-31	HCAX, rejser
Stanz	Stanz	46.9570611	8.3661026	1861-07-04	HCAX, rejser
Starnberg	Starnberg	47.9986851	11.3410791	1860-06-30; 1860-07-03	HCAX, rejser
Starnberger See	Starnberger See	47.9092703	11.3083626	1860-06-30	HCAX, rejser
Stettin	Stettin	53.4301818	14.5509623	1844-08-01; 1844-08-02	HCAX, rejser
Stirling	Stirling	56.1181242	-3.9360012	1847-08-19; 1847-08-20	HCAX, rejser
Stockholm	Stockholm	59.3251172	18.0710935	1837-06-29; 1837-07-04; 1837-07-06; 1837-07-09; 1849-05-25; 1849-06-05; 1849-06-11; 1849-06-18; 1849-07-03; 1849-07-13; 1865-09-17; 1865-09-24; 1865-09-27; 1865-10-07	HCAX, rejser
Strasbourg	Strasbourg	48.584614	7.7507127	1843-05-10; 1843-05-11; 1846-08-05; 1857-07-21; 1857-07-22; 1867-09-05; 1867-09-06	HCAX, rejser
Strib	Strib	55.5369188	9.7763619	1869-09-26; 1870-03-08; 1872-06-06; 1873-04-15	HCAX, rejser
Stuttgart	Stuttgart	48.7784485	9.1800132	1855-08-09; 1855-08-11; 1855-08-26; 1860-09-24; 1860-10-02	HCAX, rejser
Svanberg	Svanberg	60.582721	12.0948755	1849-07-30	HCAX, rejser
Svendborg	Svendborg	55.0636926	10.6085377	1851-06-02; 1851-07-17; 1851-08-29; 1855-09-21; 1856-08-09; 1858-08-23; 1861-04-05; 1861-08-22	HCAX, rejser
Syra (Siros)	Syra (Siros)	37.4385101	24.9123772	1841-04-21; 1841-04-22	HCAX, rejser
Syra (Siros), Neopoli	Syra (Siros), Neopoli	37.4385101	24.9123772	1841-03-21	HCAX, rejser
Säter	Säter	60.316667	15.75	1849-06-20; 1849-06-21	HCAX, rejser
Sète (Cette)	Sète	43.4014434	3.6959771	1846-07-02; 1846-07-04; 1846-07-15; 1846-07-17	HCAX, rejser
Söderköping	Söderköping	58.4823802	16.3216224	1837-06-28; 1849-05-24	HCAX, rejser
Södertalje	Södertalje	59.1964289	17.6271663	1849-05-25	HCAX, rejser
Talavera de la Reina	Talavera de la Reina	39.9603798	-4.8311717	1866-05-04	HCAX, rejser
Tanger	Tanger	35.7642313	-5.8429614	1862-11-02; 1862-11-09	HCAX, rejser
Tarascon	Tarascon	42.8458016	1.6067586	1862-09-01	HCAX, rejser
Teplitz	Teplice	50.6406644	13.8244461	1834-07-14; 1834-07-16; 1851-07-30; 1851-07-31	HCAX, rejser
Terni	Terni	42.6539486	12.4396528	1833-10-16; 1833-10-17; 1840-12-17; 1840-12-18; 1846-03-29	HCAX, rejser
Terracina	Terracina	41.2871196	13.2492009	1834-02-13; 1834-02-14; 1834-03-21; 1834-03-22; 1841-02-26; 1846-05-02	HCAX, rejser
Teschen	Teschen	49.7488623	18.6334308	1851-08-02	HCAX, rejser
Tharandt	Tharandt	50.9853391	13.5794907	1844-07-09; 1844-07-12	HCAX, rejser
Thun	Thun	46.7582827	7.628086	1846-08-01; 1861-07-02; 1873-06-10	HCAX, rejser
Toledo	Toledo	39.8560679	-4.0239568	1862-12-02; 1862-12-07	HCAX, rejser
Tolentino	Tolentino	43.2087546	13.2844096	1846-03-27	HCAX, rejser
Torino	Turin	45.0677551	7.6824892	1861-06-08; 1861-08-10	HCAX, rejser
Toulon	Toulon	43.1257311	5.9304919	1861-04-17; 1869-11-29; 1869-11-30	HCAX, rejser
Tours	Tours	47.3900474	0.6889268	1863-01-17; 1863-01-19; 1866-04-13; 1866-04-14	HCAX, rejser
Travemünde	Travemünde	53.939609	10.8587192	1833-04-23	HCAX, rejser
Trento (Trient)	Trento	46.1029536	11.1297425	1834-04-25; 1834-04-26	HCAX, rejser
Treuenbritzen	Treuenbritzen	52.0966552	12.8734896	1834-07-22; 1834-07-23	HCAX, rejser
Trient	Trento	46.1029536	11.1297425	1854-06-06; 1854-06-07	HCAX, rejser
Trient (Trento)	Trient (Trento)	46.0664228	11.1257601	1840-12-06	HCAX, rejser
Triest	Triest	45.6496485	13.7772781	1854-05-31; 1854-06-02	HCAX, rejser
Trieste	Trieste	45.6496485	13.7772781	1846-03-20; 1846-03-24	HCAX, rejser
Trollhättan	Trollhättan	58.2827931	12.2908612	1837-06-25; 1849-05-22; 1849-08-05; 1849-08-10	HCAX, rejser
Trujillo	Trujillo	39.4605657	-5.8816626	1866-05-04	HCAX, rejser
Tuna	Tuna	62.3368898	17.0286943	1849-06-21; 1849-06-22	HCAX, rejser
Tunbridge	Tunbridge	51.1371483	0.2673446	1847-08-30	HCAX, rejser
Uelzen	Uelzen	52.9840679	10.5385882	1857-06-05; 1857-06-06	HCAX, rejser
Ulm	Ulm	48.3984968	9.9912458	1855-08-08; 1855-08-09; 1855-08-26	HCAX, rejser
Uppsala	Uppsala	59.8586126	17.6387436	1837-07-04; 1837-07-06; 1849-06-05; 1849-06-11; 1849-06-18; 1849-06-19; 1849-07-01; 1849-07-03; 1865-09-24; 1865-09-27	HCAX, rejser
Urún	Urún	44.568833	-0.244075	1862-12-23	HCAX, rejser
Utrecht	Utrecht	52.0907006	5.1215634	1847-06-13; 1866-02-07; 1866-02-10	HCAX, rejser
Vadstena	Vadstena	58.433333	14.783333	1849-07-24; 1849-07-27	HCAX, rejser
Vaitzen	Vaitzen	47.1436435	15.4835342	1841-06-02	HCAX, rejser
Valadolid	Valadolid	41.6521807	-4.728605	1866-04-29; 1866-04-30	HCAX, rejser
Valcimara	Valcimara	45.9596383	8.9865107	1846-03-27	HCAX, rejser
Valence	Valence	44.9332277	4.8920811	1846-07-20; 1846-07-21	HCAX, rejser
Valencia	Valencia	39.4697065	-0.3763353	1862-09-17; 1862-09-20	HCAX, rejser
Valetta (på Malta)	Valetta (in Malta)	35.8989818	14.5136759	1841-03-17; 1841-03-18	HCAX, rejser
Varberg	Varberg	57.1057412	12.2502949	1837-06-24; 1837-07-14; 1849-05-19	HCAX, rejser
Velletri	Velletri	41.6867015	12.7770433	1834-02-12; 1834-02-13; 1834-03-22; 1834-03-23	HCAX, rejser
Venedig	Venice	45.4371908	12.3345898	1834-04-19; 1834-04-22; 1854-06-02; 1854-06-05; 1872-05-14; 1872-05-17	HCAX, rejser
Verdun	Verdun	49.1589278	5.3867277	1833-05-08	HCAX, rejser
Vernet les Bains	Vernet les Bains	42.5484832	2.3878706	1846-07-07; 1846-07-13	HCAX, rejser
Vernex	Vernex	46.4383039	6.9065367	1861-06-22; 1873-05-04; 1873-05-11	HCAX, rejser
Verona	Verona	45.4424977	10.9857377	1840-12-07; 1854-06-05; 1854-06-06; 1872-05-17; 1872-05-18	HCAX, rejser
Vevey	Vevey	46.4602978	6.8418655	1846-07-28; 1846-07-30; 1860-08-17; 1860-08-18; 1873-05-01; 1873-05-04	HCAX, rejser
Vierwaldstättersee	Lake Lucerne	46.9854693	8.4986005	1852-07-07; 1861-07-04	HCAX, rejser
Viken	Viken	58.6313939	14.2584808	1849-05-23	HCAX, rejser
Villanuova	Villanuova	45.2909958	10.0436756	1834-04-23; 1834-04-24	HCAX, rejser
Villeneuve	Villeneuve	46.3965712	6.9248129	1861-06-22	HCAX, rejser
Voghera	Voghera	44.9926704	9.0086667	1833-09-27; 1833-09-28	HCAX, rejser
Vrestorp	Vrestorp	59.0235555	14.8668288	1837-07-10; 1837-07-11	HCAX, rejser
Vänern	Vänern (lake)	58.8866658	13.5627329	1849-05-22; 1849-05-23	HCAX, rejser
Vänersborg	Vänersborg	58.3811988	12.3226877	1837-06-25; 1849-05-22; 1849-08-03; 1849-08-05	HCAX, rejser
Västerås	Västerås	59.6110992	16.5463679	1837-07-09; 1837-07-10	HCAX, rejser
Vättern	Vättern (lake)	58.3227727	14.4843777	1849-05-23; 1849-05-24	HCAX, rejser
Vöklabrück	Vöklabrück	48.0078587	13.6460378	1834-06-05; 1834-06-06	HCAX, rejser
Wallenstädter see	Wallenstädter see (lake)	47.04483	10.44739	1858-07-04; 1858-07-06	HCAX, rejser
Weesen	Weesen	47.1346737	9.0973561	1858-07-06; 1858-07-07	HCAX, rejser
Weggis	Weggis	47.0322545	8.4346408	1855-08-21; 1855-08-22	HCAX, rejser
Weimar	Weimar	50.9769686	11.3275394	1844-06-24; 1844-07-01; 1846-01-08; 1846-02-07; 1846-08-19; 1846-09-03; 1847-09-07; 1847-09-12; 1852-05-19; 1852-06-10; 1854-06-27; 1854-06-29; 1855-09-03; 1855-09-12; 1856-06-22; 1856-06-27; 1857-09-01; 1857-09-06	HCAX, rejser
Weisenburg	Weisenburg	49.0305748	10.9718974	1840-11-15	HCAX, rejser
Weisenfeld	Weisenfeld	51.2751302	8.4793672	1846-02-11	HCAX, rejser
Wesen	Wesen	48.2145236	13.2439111	1858-07-04	HCAX, rejser
Widin (Vidin)	Widin (Vidin)	43.9858809	22.8773117	1841-05-10; 1841-05-11	HCAX, rejser
Wien	Vienna	48.2083537	16.3725042	1834-06-09; 1834-07-08; 1841-06-04; 1841-06-23; 1846-03-06; 1846-03-18; 1854-05-24; 1854-05-29; 1869-10-17; 1869-11-04; 1872-04-28; 1872-05-04	HCAX, rejser
Wiesbaden	Wiesbaden	50.0820384	8.2416556	1843-05-16; 1843-05-17	HCAX, rejser
Wildbad	Wildbad	49.369268	10.1803869	1855-08-11; 1855-08-15	HCAX, rejser
Wilhelmsthal	Wilhelmsthal	50.310642	11.3756566	1854-06-30; 1854-07-02; 1855-09-12; 1855-09-15	HCAX, rejser
Winterthur	Winterthur	47.4991723	8.7291498	1855-08-25	HCAX, rejser
Wintherthur	Wintherthur	47.4991723	8.7291498	1861-07-17	HCAX, rejser
Wittenberg	Wittenberg	51.8666527	12.646761	1854-05-10	HCAX, rejser
Wittenberge	Wittenberge	52.9983723	11.7507204	1856-08-05; 1856-08-06	HCAX, rejser
York	York	53.9656578	-1.0743052	1847-08-10; 1847-08-11; 1847-08-25; 1847-08-26	HCAX, rejser
Yverdon	Yverdon	46.7785711	6.6409158	1860-08-13; 1860-08-14	HCAX, rejser
Znaim (Znojmo)	Znaim (Znojmo)	48.8554341	16.0489457	1841-06-24	HCAX, rejser
Zug	Zug	47.1486137	8.5539378	1855-08-19; 1855-08-23	HCAX, rejser
Zwickau	Zwickau	50.7185043	12.4939267	1840-11-11; 1861-04-25	HCAX, rejser
Zürich	Zürich	47.3744489	8.5410422	1852-07-08; 1852-07-10; 1855-08-18; 1855-08-19; 1855-08-23; 1855-08-25; 1858-07-07; 1858-07-08; 1860-07-13; 1861-07-16; 1861-07-17; 1869-11-17; 1869-11-19	HCAX, rejser
Züricher See	Züricher See (lake)	47.23129	8.70336	1858-07-07	HCAX, rejser
Älvkarleö bruk	Älvkarleö bruk	60.53333	17.4	1849-06-29; 1849-06-30	HCAX, rejser
Årøsund	Årøsund	55.2580919	9.7068676	1841-07-13; 1843-01-31; 1845-11-11	HCAX, rejser
Épernay	Épernay	49.042561	3.9528655	1867-09-22; 1867-09-23	HCAX, rejser
Örebro	Örebro	59.2747287	15.2151181	1837-07-10	HCAX, rejser
Österby (bruk)	Österby (bruk)	60.1959366	17.9014485	1849-06-30; 1849-07-01	HCAX, rejser
